#id_tuit,date,text
1508190929370329089,2022-03-27 17:15:13-04:00,@monicgu Yo tambi√©n digo...
1508118559611756548,2022-03-27 12:27:38-04:00,"@JuanFante @PatriciaRevoll7 @QuyaReyna El argumento m√°s usado por las feministas ""ü§°"". Y luego adjetivo peyorativo, q pas√≥ amiguito?   Ser√° qu√© la SE√ëORA paty es proteccionista... nunca la escuche decir que era liberal, menos libertaria. A vos s√≠, y vienes con estupideces racistas?  No da. En fin.  No ""te lloro"" m√°s."
1508102336861794312,2022-03-27 11:23:10-04:00,@JuanFante @PatriciaRevoll7 @QuyaReyna Y d√≥nde lees eso?  No me trates de chicanear Fante.  Libre mercado. LIBRE MERCADO.
1508091636227616769,2022-03-27 10:40:39-04:00,"@JuanFante @PatriciaRevoll7 @QuyaReyna Te explico Fante, el capitalismo no trata de avasallar ni de imponer razas. Hay varias clases, pero en general se trata de la coexistencia PAC√çFICA q genera recursos mediante el mercado. En qu√© parte el Laissez faire (que atribuyes al alto) situas ""ahora si guerra civil?"""
1507916075601588231,2022-03-26 23:03:02-04:00,"@Patu_post Es el escudo de mi Estado/departamento.  Santa Cruz - Bolivia.  Debe dolerte ser tan ignorante, no?"
1507782009606709251,2022-03-26 14:10:18-04:00,RT @elonmusk: @Cernovich Doesn‚Äôt sound very balanced
1507499344810766337,2022-03-25 19:27:06-04:00,RT @Boliviaprovida: #25marzo d√≠a del ni√±o por nacer!  Somos pro vida üíô  Y los derechos humanos se respetan desde la concepci√≥n hasta la mue‚Ä¶
1507421298514792449,2022-03-25 14:16:58-04:00,"@Psicoadictiva El mam√°  no te vayas, urgente! D√≥nde uno bueno ac√°?"
1507152991937200129,2022-03-24 20:30:49-04:00,"RT @CasalMauri: Giovanni Gamarra Ortiz, gerente de Cisneros la empresa VENEZOLANA que maneja Facebook Bolivia, complica la situaci√≥n de los‚Ä¶"
1507143521882370141,2022-03-24 19:53:11-04:00,"@Chichisiles Qu√© es lo significativo?  Ideol√≥gicamente son muy similares, una camba y la otra colla. https://t.co/7iXYRpdQfW"
1507110447677259802,2022-03-24 17:41:46-04:00,"Sin decir qu√© ella es aymara, esa falacia en forma de cr√≥nica narrativa literaria pasar√≠a sin mayor gloria qu√© nivelar una estanter√≠a o mesa en el kollasuyo.   Odiar no es virtud.  Ser racista no es virtud.   Pueblo enfermo. https://t.co/QYgWarRDra"
1507018923576737795,2022-03-24 11:38:05-04:00,"@RCalasich Es atroz, es feo, es fe√≠simo, fuchi! Y a√∫n as√≠... tienen m√°s coincidencias con el MAS.  POBRE PA√çS."
1506980968317390852,2022-03-24 09:07:15-04:00,"RT @libertario_chr: Ser un ‚Äúind√≠gena‚Äù aymara, racista, clasista y resentido es bien y te hace h√©roe nacional. Ser ‚Äúblanco‚Äù mestizo y camba‚Ä¶"
1506980294905131018,2022-03-24 09:04:35-04:00,"RT @alebalcazar: Twiteres mi abuelita est√° un poco delicada, agradezco si alguno quisiera apoyarnos en costear su recuperaci√≥n con alguna r‚Ä¶"
1506979932051689475,2022-03-24 09:03:08-04:00,"@Psicoadictiva Vale la pena que @EmbajadaEspLPaz aclare ese temita, si se refiere as√≠ a la presidente CONSTITUCIONAL Jeanine A√±ez, estar√≠a haciendo INJERENCIA. Ser√°n tan animales los espa√±oles colonizadores?"
1506840514775056387,2022-03-23 23:49:09-04:00,RT @clavijo_israel: Se sacco el disfraz de #Ind√≠gena ü§≠ü§≠
1506794530644717570,2022-03-23 20:46:25-04:00,"@JRMarquezM @ejutv Ni con aribibi! C√≥mo dicen por all√°, no pasa ni con llajua!"
1506097789226270721,2022-03-21 22:37:49-04:00,"RT @Psicoadictiva: Holi, ¬øYa arreglaron el pa√≠s a plan de tuitazos y hashtag?  ü§î  Digo, no m√°s pa'saber...  #BoliviaSeFueALaMierda"
1506085192955428864,2022-03-21 21:47:46-04:00,@ElianaQAR Qu√© guapos! Igualingos a la mam√°! Con los peluditos m√°s familia completa!
1506037397271707649,2022-03-21 18:37:50-04:00,"RT @_70mar_: Gabriela Zapata siempre humillaba a cajeros, meseros e incluso a los due√±os de los locales, en una ocasi√≥n exigi√≥ al due√±o de‚Ä¶"
1505726873099071488,2022-03-20 22:03:56-04:00,"Qu√© est√° pasando con @GobSantaCruz ?  Ahora la marca Santa Cruz (qu√© pagamos todos) sirve para hacer publicidad a restaurantes de la comparsa. Nos roban de todos los flancos, ya es mucho. #Bolivia un lugar... https://t.co/eJYWoFgdQl"
1505691136383336449,2022-03-20 19:41:55-04:00,RT @Data24comar: üî¥ Las pericias psicol√≥gicas revelaron que asesinaron a Lucio porque ‚Äúera var√≥n e interfer√≠a en la pareja‚Äù  Nota üëâ https://‚Ä¶
1505245692880596994,2022-03-19 14:11:53-04:00,"Cada hombre patriarca, amoroso, proveedor, afectivo y responsable hace un mundo mejor.  Gracias por su ser cabeza de familia, por su gu√≠a, esfuerzo y entrega!  Gracias pap√°! #Bolivia Feliz d√≠a del padre!"
1504982014356729857,2022-03-18 20:44:08-04:00,"Tipos c√≥mo vos dan asco, desde tu mansi√≥n en Miami pides machete para los que no militan tu asquerosa ideolog√≠a funesta.  Cancelen a este psic√≥pata por violento, est√° incitando al odio descaradamente.   Hip√≥crita.   #CancelResidente https://t.co/YesA5OpBLr"
1504936753328664579,2022-03-18 17:44:17-04:00,"@ElianaQAR Ay Elianita, c√≥mo  duele cuando nos dejan nuestros compa√±eritos peluditos. Te mando un abrazote."
1504921575677517826,2022-03-18 16:43:58-04:00,"Ni los liberales, menos los libertarios estamos a favor de crear puestos imaginarios a nombre de minor√≠as imaginarias en secretarias inservibles.   As√≠  qu√©  zurdos de la gobernaci√≥n de #SantaCruz, los libertarios estamos contra ustedes tambi√©n. Sanguijuelas!  #BoliviaLibertaria"
1504144584082804738,2022-03-16 13:16:29-04:00,"Cargo m√°s in√∫til, funcional al  Estado y a las ongs sanguijuelas no existe.  ELIMINEMOS LA DEFENSOR√çA DEL PUEBLO. S√≥lo se encarga de promover la agenda progresista y obligar a abortar a menores.  #DefensoriaAsesina https://t.co/MUrOyh6Sa8"
1503926655932563457,2022-03-15 22:50:31-04:00,@AdorniColla No puedo con tu foto! @madorni üòÇü§£
1503888801415892993,2022-03-15 20:20:05-04:00,"@asolanosoliz Siempre hay que analizar todo, salud y educaci√≥n privatizar urgente!"
1503876937558609920,2022-03-15 19:32:57-04:00,"RT @mexicambita: La lealtad no se jura, se demuestra (El Principito)"
1503870537973440514,2022-03-15 19:07:31-04:00,"@asolanosoliz Hay MUY buenos m√©dicos estudiados en #Bolivia, y antes mucho m√°s.  El sistema de salud si es una porquer√≠a, eso sin duda"
1503864790552260614,2022-03-15 18:44:41-04:00,"Uy! ""Ahora s√≠, guerra civil!"" Dicen los pace√±os?  Yo qu√© ustedes me rayo. https://t.co/HtgbtTZNrZ"
1503786505575174145,2022-03-15 13:33:36-04:00,"El #Censo2022 en #Bolivia ser√°  el 16 de noviembre, tenemos hasta septiembre para organizarnos y que no nos tomen el pelo con eso m√°s como el 2012 y su charada racista."
1503762704258924545,2022-03-15 11:59:01-04:00,@LatAmFr Podr√≠a ampliar m√°s sobre el tema por favor?
1503762561271013385,2022-03-15 11:58:27-04:00,"@Jherysao Realmente, hay qu√© informarse antes de ser tan mala leche para responder as√≠ a una pregunta, y pasar verg√ºenza adem√°s. Ucrania est√° con ley marcial desde el 24 de febrero üëçüèª Cc. @JuanPuebloLibre"
1503535469627252742,2022-03-14 20:56:04-04:00,@JRMarquezM Jajajajaja mejor y traes algunos refugiados.
1503526874944737281,2022-03-14 20:21:55-04:00,@JRMarquezM Jajaja cuando no! Pero tendr√≠as qu√© elegir un lado pe!
1503522564710223872,2022-03-14 20:04:48-04:00,"No es por  ser mala tipa, pero no se supone que todos los varones de #Ukrania deb√≠an quedarse a defender su pa√≠s por ley?  Pregunto   #ParejaUcraniana"
1503375825370030081,2022-03-14 10:21:42-04:00,"@step_zampi Consciencia de clase dice la qu√© no tiene ni conciencia, siempre desclasada."
1503191622502166529,2022-03-13 22:09:45-04:00,@Nicolassymmes Migranol y hielitoüëçüèª
1502745778862772228,2022-03-12 16:38:08-04:00,"Existen dos maneras¬†de ser feliz¬†en esta vida, una es¬†hacerse¬†el¬†idiota, la otra es serlo.   S√≠ganme para m√°s consejos estilo Schopenhauer üòë"
1502675350211289089,2022-03-12 11:58:16-04:00,"@Liberta20122758 Si por desagravio fuera, tendr√≠a que estar @ZetaMatkovic o cualquiera de los injustamente encarcelados."
1502672429621022721,2022-03-12 11:46:40-04:00,"Lo advertido desde el a√±o pasado, los demorats americanos haciendo injerencia en #Bolivia con el claro  fin de perpetuar la dictadura afin al globalismo INSTRUYEN informe sobre 2019.  A ver si ahora despiertan bolivianos!   #SOSBolivia"
1502442569938046978,2022-03-11 20:33:17-04:00,"@mexicambita No? Compartan sus cancioncitas mexicambita, as√≠ salseamos üòâ"
1502440573881380865,2022-03-11 20:25:21-04:00,@YoungWick3 Qu√© es autopia Young? Para mi de utop√≠a ü§£
1502432779761455104,2022-03-11 19:54:23-04:00,Viernes mood üíìüíÉ https://t.co/ues5bVlPGC
1502339265266524166,2022-03-11 13:42:47-04:00,"Bueno, yo argumento qu√© en el caso de comercios, es un emprendimiento de inversi√≥n privada que da un servicio al p√∫blico. Se deber√≠a respetar el ejercicio de la propiedad privada y en una sociedad educada no existir√≠an √©ste tipo de problemas."
1502323574148780032,2022-03-11 12:40:26-04:00,"@Julio_Orellana7 C√≥mo abogado, buen aporte Julito!"
1502317940858769410,2022-03-11 12:18:03-04:00,Ayer dos influencers de m√°s  de 100k me pelearon sobre si los restaurantes en #Bolivia son propiedad  privada.  Qu√© opina el p√∫blico? ¬øUn restaurante es propiedad privada?  Rt para llegar a m√°s gente por favor.
1502058163620569089,2022-03-10 19:05:47-04:00,"Hoy en el m√°s ingrato de los olvidos falleci√≥ el H√âROE de hispanoamerica; el oficial Mario Ter√°n Salazar, qui√©n par√≥ el avance del asesino de la caba√±a y su grupo de racistas y homof√≥bicos comunistas. Paz en su tumba y gloria a los benem√©ritos de √ëancahuaz√∫! #ComunismoEsMiseria https://t.co/opy6hiTjgH"
1501613973233618944,2022-03-09 13:40:44-04:00,@YoungWick3 @SusanaBejarano @ValeQinaya @susanariverog @LorenVillarroel @NadiaCruzDP @mujerescreando1 @Adriana1989sa @canela_cs Gracias Alex ü§óü§óü§ó
1501573686775615488,2022-03-09 11:00:39-04:00,"RT @Psicoadictiva: Independientemente de c√≥mo te traten los dem√°s, elige siempre obrar con amor y bondad, pues es lo √∫nico que determinar√°‚Ä¶"
1501569619601076231,2022-03-09 10:44:29-04:00,"Pas√≥ el #8M feministas bolcheviques, el simulacro de ""sororidad"" ha terminado, pueden volver a ser las mismas brujas malvadas de siempre.   #FeminismoEsCancer"
1501409052391198720,2022-03-09 00:06:27-04:00,@PRubnCastilloC1 Gracias Prucast!
1501368335379812356,2022-03-08 21:24:39-04:00,@Ceci_zrt Jajajajaja ay de bueno! Si son
1501338275394375681,2022-03-08 19:25:13-04:00,@CarranzaPachu @Csanchezberzain @marieeeeee75 @TesoroPaz @TeamDoctor9 @MonicaAparicioA @AdriAeroshk @aeroshkadri @MarceMeave39 @Nicole43797338 @CARITO_Bolivia Gracias querida Pachu! Feliz dia! ü§ó https://t.co/ZaGlBZfyHb
1501285396772278274,2022-03-08 15:55:05-04:00,"@WalticaC Otra de las mujeres que mando a matar #Evo, otra v√≠ctima mujer de los masistas ""feministas"""
1501276410777718785,2022-03-08 15:19:23-04:00,RT @JaguarLiber: @EsaLibertaria @SusanaBejarano @ValeQinaya @susanariverog @LorenVillarroel @NadiaCruzDP @mujerescreando1 @Adriana1989sa @c‚Ä¶
1501246725083836420,2022-03-08 13:21:25-04:00,@ElianaQAR Feliz d√≠a Elianita! https://t.co/zll06XxDKj
1501245552109006851,2022-03-08 13:16:46-04:00,@WalticaC #DondeEstaNoe nos faltan #GabrielaAlfaro #ZulmaVargas #HanaliHuaycho y muchas m√°s!
1501242476820148234,2022-03-08 13:04:32-04:00,"Uds. no pueden hablar a nombre de NI UNA SOLA MUJER. Porqu√© son c√≥mplices funcionales o sirvientas de la dictadura. Del asesino, violador y ped√≥filo. @SusanaBejarano @ValeQinaya @susanariverog @LorenVillarroel @NadiaCruzDP @mujerescreando1 @Adriana1989sa @canela_cs  Sinverg√ºenzas https://t.co/fSsBtbgfw4"
1501228992090701827,2022-03-08 12:10:57-04:00,"RT @JaguarLiber: Buenas amigos, recuerden hoy es el d√≠a internacional de la mujer, no de la feminista. M√°s informaci√≥n: https://t.co/A6iCLY‚Ä¶"
1500850967041953800,2022-03-07 11:08:49-04:00,"@JuanFante @dexabot No me parece raro la persona qu√© la quiere financiar, para nada. Es consecuente. Lo qu√© me da para pensar don Juan es que su bronca a Santa Cruz nubla su capacidad de razonar y su pragmatismo, tanto como para hacerlo defender a feministas socialistas. Inconsistencia ideol√≥gica."
1500847860140720129,2022-03-07 10:56:28-04:00,@SDoriaMedina Qu√© se puede esperar si usted pertenece a la internacional SOCIALISTA.  T√≠pico caviar en discurso pero cerdo burgu√©s en la pr√°ctica.  De cuentas al pa√≠s de lo que hizo y c√≥mo pact√≥ con la dictadura en la transici√≥n m√°s bien. Sinverg√ºenza!
1500824697717628928,2022-03-07 09:24:26-04:00,RT @MarchettiFabio7: @SDoriaMedina Samuel 15 a√±os en la oposici√≥n y dejaste q el mAS hiciera lo q quisiera. De q nos sirvi√≥ tu posici√≥n tib‚Ä¶
1500817919328071684,2022-03-07 08:57:30-04:00,"@JuanFante @dexabot Jajajaja Mostrar patas?   S√≠... incomodan al poder patriarcal y machiste, lo hacen temblar tomando tecito con galletitas mientras nos llamas fascistas y golpistas.  Mejor no aclare, qu√© oscurece. https://t.co/tdIK2ols3w"
1500677930116018176,2022-03-06 23:41:14-04:00,"RT @Manifiesto_Peru: Presiente Pedro Castillo recibi√≥ en la casa de Sarratea a conocido sicario Fritz Moreno Cossio, seg√∫n denuncia program‚Ä¶"
1500663133882384384,2022-03-06 22:42:26-04:00,RT @Deligtsubs: https://t.co/xbBtBi1oWP
1500601018505056256,2022-03-06 18:35:37-04:00,"RT @PlzRosita: No es Ucrania, es El Alto despu√©s de la guerra civil de los masistas el 2019. https://t.co/XGAZG7lN3e"
1500598202491277314,2022-03-06 18:24:25-04:00,"RT @abraxascano: Maria Galindo una masista camuflada, ya esta en campa√±a para ser la nueva Defensora del Pueblo."
1500595545013841920,2022-03-06 18:13:52-04:00,"@JuanFante @dexabot Aaaaaaajajajajaja es que usted don fante la ve con ojos de enamorado, por eso la ve m√°s inteligente y m√°s linda que todas. Nivel."
1500585872973991936,2022-03-06 17:35:26-04:00,"@MarceMeave39 Marcelita,  aunque adentro de la tomenta no se ve por la oscuridad del dolor, el limite es solamente el principio de la otra Marcela, m√°s fuerte, m√°s linda, m√°s sabia. Ponga su fe donde tiene que estar y camine, usted puede! ü§óü§ó  https://t.co/RoQQFPITDY"
1500364107563810818,2022-03-06 02:54:13-04:00,RT @JJCarafano: Biden will do a deal with Iran. Iran will make money. Iran will buy weapons from Russia. Putin will get the cash. Iran will‚Ä¶
1499983173471592449,2022-03-05 01:40:31-04:00,"RT @Julio_Orellana7: #BoliviaConFuerza, son bienvenidos para marcar los lineamientos de una agenda integral para una institucionalidad con‚Ä¶"
1499977910727450626,2022-03-05 01:19:36-04:00,RT @elonmusk: Starlink has been told by some governments (not Ukraine) to block Russian news sources. We will not do so unless at gunpoint.‚Ä¶
1499942051307147268,2022-03-04 22:57:07-04:00,RT @TeamDoctor9: Que ‚Äúgente‚Äù horrible son los masistas.
1499932322153467907,2022-03-04 22:18:27-04:00,"@sandovalcostas Es mucho pedirles...les gusta el show, son puro bla bla y salte√±a pero nada serio."
1499879479979634691,2022-03-04 18:48:29-04:00,"RT @christianJP: Me parece que meterle de a 3 o 4 paros c√≠vicos al a√±o le est√° quitando valor a la medida de presi√≥n... si seguimos as√≠, ev‚Ä¶"
1499878326625652736,2022-03-04 18:43:54-04:00,RT @agustinromm: Residente le dice a J Balvin que para el la m√∫sica no es un negocio desde su mansi√≥n de 10 palos verdes en Estados Unidos.‚Ä¶
1499850106425667584,2022-03-04 16:51:45-04:00,@step_zampi @mexicambita @TwitterSafety @TwitterSupport @birdwatch @RoxanaDuchen @jack @paraga @TwitterLatAm @TwitterSeguro @TwitterAPI @Policy @TwitterWomen @womeng Soy yo üò¨ https://t.co/uCOp1M3DdH
1499838430338904070,2022-03-04 16:05:22-04:00,@ElianaQAR Gracias Elianita üòò
1499754342378655746,2022-03-04 10:31:13-04:00,"@TwitterSafety @TwitterSupport @birdwatch Hi @TwitterSupport , my account @roxanaduchen got suspended and I never violated the Twitter rules. Could you please consider and unsuspend it? I appealed the suspension via the Help Center form but obtained no response, no help. The case number is #0255806699. Thank you! https://t.co/06Wji2v7wq"
1499609116825702404,2022-03-04 00:54:09-04:00,"Si, porque somos #Iyambae paramos todos.  Iniciando el paro c√≠vico 4 de Marzo.  Es en las calles! Y asfixiando a la dictadura narcosocialista.   #HastaSerLibres https://t.co/DGTKTzIRF3"
1499573422581436416,2022-03-03 22:32:19-04:00,"""Todas las dictaduras del mundo pueden y afirman estar actuando en nombre de la gente""  - Harold H. Greene"
1499226959754063875,2022-03-02 23:35:36-04:00,Hoy estar√≠a de cumplea√±os #Rothbard el padre del anarco capitalismo. 2 de Marzo ‚ù§   #Rothbardianos #Ancap #Paleolibertarian https://t.co/pWVAQXPyej
1499163054583386116,2022-03-02 19:21:39-04:00,"@JuanFante @dock_tio No me meto a su discusi√≥n intelectual/acad√©mica.  Pero @JuanFante te corrijo un detallito, √©l @dock_tio y los de su foto son collas. COLLAS. Y no tendr√≠a qu√© importar, pero c√≥mo est√°s tan interesado, si quieres te consigo cambas liberales para que debatas"
1499115805732077570,2022-03-02 16:13:54-04:00,RT @Amp_Bald63: Y los del ‚Äúgobierno‚Äù MUTIS!!! üôàüôâüôä .@EDelCastilloDC cuando te pronunciaras?? ü§îü§îü§î. Les desbarataron su gran fabrica de coca√≠n‚Ä¶
1499065638156791811,2022-03-02 12:54:34-04:00,"RT @YourAnonNews: Leaked document from Russian troops showing war against Ukraine was approved on 18th January, and initial plan to seize U‚Ä¶"
1498797030126362629,2022-03-01 19:07:12-04:00,"@TeamDoctor9 @albamarinamessa @alberto_rrp @TAMARA_SUJU @lourdesubieta @monicgu @MaLugrace2021 @PatriciaRevoll7 @CarranzaPachu @maru_4000 @Psicoadictiva @TesoroPaz Vos tambi√©n, gracias neni! Todas! ü§ó https://t.co/tqdU7eStWZ"
1498726423451906056,2022-03-01 14:26:38-04:00,Es de la filosof√≠a dura del lemmingnismo.   Ay maminga! Y esto nos gobierna. Productores y consumidores https://t.co/eYAwA9lNY6
1498676146312986631,2022-03-01 11:06:51-04:00,"RT @hermanntertsch: Quienes creen que combaten a Macron, Biden, Pfizer o Von derLeyen, Davos o Maduro, Zp o S√°nchez y al globalismo poni√©nd‚Ä¶"
1498648998701264896,2022-03-01 09:18:59-04:00,RT @1Dolar7Bs: Solo un pais enano como Bolivia informan 24/7 horas el carnaval y no el confricto entre Rusia y Ucrania. Mas razon le doy al‚Ä¶
1498442538155483136,2022-02-28 19:38:35-04:00,"Habr√≠a qu√© replicar eso con los ""ahora s√≠ guerra civil"". ü§ó https://t.co/sXVycmSdET"
1498408721013256192,2022-02-28 17:24:12-04:00,Golpe de Estado? H√°ganse ver zurdos hdp! Dejen de meterse con Bolivia para sus atrofias mentales.  En Bolivia sacamos a patadas a un dictador fraudulento y vamos por su socio.  #HastaSerLibres https://t.co/H6ZNfkXqv6
1498408137472233477,2022-02-28 17:21:53-04:00,@MartinSimbron Cual golpe de Estado subnormal?
1498405676309266434,2022-02-28 17:12:06-04:00,"@ZetaOrlando Cu√°l golpe militar? subnormales!, Evo renunci√≥ porque hizo fraude."
1498332881071972354,2022-02-28 12:22:51-04:00,"RT @hermanntertsch: Es glorioso ver c√≥mo el valor ucraniano ha obligado a los Biden, von der Leyen y macrones y scholz diversos a hacer lo‚Ä¶"
1498317375564881921,2022-02-28 11:21:14-04:00,RT @YourAnonNews: üá∫üá¶ Meanwhile fascist cowards shell apartment buildings in #Kharkiv #Ukraine
1498174379485798407,2022-02-28 01:53:01-04:00,"Alertas fuertes en todo el mundo, #USA en defcon2 y en #Bolivia los milicos bailando.  El Estado y las FFAA tendr√°n alg√∫n  protocolo en caso de guerra nuclear? https://t.co/2hIKVJIRZ9"
1498106511297445893,2022-02-27 21:23:20-04:00,"RT @sechmusic: Si hoy me hablas mal de alguien y ma√±ana te veo con esa persona , ya se que vas a hablar mal de mi en alg√∫n momento"
1498030428497788932,2022-02-27 16:21:00-04:00,@monicgu @mexicambita @Dra_Barbie @PatriciaRevoll7 @Psicoadictiva @MaLugrace2021 @Angie26826 @DraInterleucina Para qu√©? C√≥mo? De qu√© me perd√≠? Ya hay candidato presidencial? üòÇ tremendo equipo de campa√±a che
1498011696081694720,2022-02-27 15:06:34-04:00,"@YoungWick3 Am√©n! M√≠a es la venganza, yo pagar√©  dice Jehov√° y as√≠ es üòúüòÅ"
1497962923410481163,2022-02-27 11:52:46-04:00,"@mexicambita @Dra_Barbie @PatriciaRevoll7 @Psicoadictiva @MaLugrace2021 @Angie26826 @DraInterleucina @monicgu Jajajajajajaja... te sacrificas por el grupo, qu√© nobleza jijiji van a tener qu√© ir a visitarme todas a Santa Cruz, capaz as√≠ se logra unificar la resistencia civil al comando del caporal ese üòÇüòÇüòÇüòÇ"
1497959378074456067,2022-02-27 11:38:41-04:00,@PatriciaRevoll7 @mexicambita @Psicoadictiva @MaLugrace2021 @Angie26826 @DraInterleucina @Dra_Barbie @monicgu Cambie de opini√≥n. https://t.co/6bnn10lnCD
1497954661071994892,2022-02-27 11:19:56-04:00,"Totalmente proporcional su respuesta.  Tanta tecnolog√≠a, fuerzas especiales de occidente y no hay un valiente qu√© le plante un tiro al megal√≥mano √©ste?  Pregunta ser√≠a. https://t.co/DDldwvFVKt"
1497949036678164481,2022-02-27 10:57:35-04:00,@PatriciaRevoll7 @mexicambita @Psicoadictiva @MaLugrace2021 @Angie26826 @DraInterleucina @Dra_Barbie @monicgu Jajajaja bailan ustedes yo de aguatera. https://t.co/O7skO7YeZI
1497707392221384704,2022-02-26 18:57:23-04:00,RT @elonmusk: @FedorovMykhailo Starlink service is now active in Ukraine. More terminals en route.
1497626803355193350,2022-02-26 13:37:09-04:00,"Con sus dos lados que la combinan,  as√≠ es su gente, que inspira hace milagro y ama la vida   Es Santa Cruz, es mi tierra bella y la libertad canta con ella... Se abre la lluvia y crecen las flores y  las mujeres nacen cantando.  461 aniversario mi amada #SantaCruz de la Sierra. https://t.co/s8cClz9aRN"
1497605353608937475,2022-02-26 12:11:55-04:00,RT @carlosnoriegam: Hoy Polonia hace con Ucrania lo que nadie hizo por ella en 1939. Que gran pa√≠s.
1497603783081091085,2022-02-26 12:05:40-04:00,@libertario_chr Jajaja imag√≠nate esa gente en una invasi√≥n... no deben saber ni dar un pu√±ete üò£
1497603004152762378,2022-02-26 12:02:34-04:00,RT @DukeParada: Ning√∫n Ucraniano robando ni saqueando en los supermercados ‚Ä¶ Aprendan Mas√≠tas usurpador es de lo ajeno. https://t.co/LchYpL‚Ä¶
1497576165774487559,2022-02-26 10:15:56-04:00,RT @nexta_tv: ‚ö°Ô∏è‚ö°Ô∏è‚ö°Ô∏è Foreign Minister Kuleba reports that the process to disconnect #Russia from #SWIFT has begun.
1497463059010375680,2022-02-26 02:46:29-04:00,RT @ZelenskyyUa: –ù–µ –≤—ñ—Ä—Ç–µ —Ñ–µ–π–∫–∞–º. https://t.co/wiLqmCuz1p
1497422225485582340,2022-02-26 00:04:13-04:00,RT @JackPosobiec: Trump told Putin to his face he would bomb the Kremlin if Putin invaded Ukraine   Remember that
1497408061048246280,2022-02-25 23:07:56-04:00,"RT @nexta_tv: ‚ö°Ô∏è#Anonymous vs. Vladimir #Putin: ""This is a war Putin cannot win"" https://t.co/s8H3gQDoXD"
1497381753408815104,2022-02-25 21:23:24-04:00,"RT @nexta_tv: ‚ùóÔ∏è In #Melitopol, the occupiers shot at the hospital  In the video, a shell hit the oncology department. https://t.co/aSAVZWe‚Ä¶"
1497376595765432320,2022-02-25 21:02:54-04:00,RT @MundoEConflicto: üá∑üá∫üá∫üá¶ | Uno de los tanques rusos que ingreso a la ciudad ucraniana de Jers√≥n portaba una bandera de la URSS.   https://‚Ä¶
1497297776765554701,2022-02-25 15:49:43-04:00,RT @kiraincongress: I learn to use #Kalashnikov and prepare to bear arms. It sounds surreal as just a few days ago it would never come to m‚Ä¶
1497015296871313414,2022-02-24 21:07:14-04:00,Para lo √∫nico qu√©  sirve la @ONU #Ukraine #worldwar3 #WWIII https://t.co/05wltA44Ad
1497013468045529089,2022-02-24 20:59:58-04:00,"RT @Liberfach0: Anonymous se acaba de bajar el sitio oficial del Kremlin, y la p√°gina de RT (medio de informaci√≥n rusa), empez√≥ la guerra c‚Ä¶"
1496962913415819272,2022-02-24 17:39:05-04:00,@PatriciaRevoll7 @Psicoadictiva @LlajuitaSpicy @AdriAeroshk @mexicambita @Churuquella1 @MarceMeave39 @Amp_Bald63 @Alexand50229179 @maru_4000 @DraInterleucina @Ceci_zrt √ëieeeeeee jajajaja Ya. Una cereza va caminando y dice: https://t.co/ShqbxMHjsm
1496957129692901396,2022-02-24 17:16:06-04:00,@Psicoadictiva @LlajuitaSpicy @AdriAeroshk @mexicambita @Churuquella1 @MarceMeave39 @Amp_Bald63 @Alexand50229179 @maru_4000 @DraInterleucina @Ceci_zrt @PatriciaRevoll7 Premio a la declamaci√≥n/mejor poes√≠a comadres 2022 üòÇüòÇ
1496956136037105664,2022-02-24 17:12:09-04:00,"@Psicoadictiva @LlajuitaSpicy @AdriAeroshk @mexicambita @Churuquella1 @MarceMeave39 @Amp_Bald63 @Alexand50229179 @maru_4000 @DraInterleucina @Ceci_zrt @PatriciaRevoll7 Ya car√°cter! Esas comadres! C√≥mo yo no s√© aros ü§∑üèª‚Äç‚ôÄÔ∏è, y pa qu√© no extra√±en sus comadreadas a todas ustedes un poema: üôàüòé https://t.co/6Q0lJXJHAC"
1496912174001770506,2022-02-24 14:17:28-04:00,RT @asolanosoliz: ¬øCuales masacres? @andreabsahonero @ComunidadCBo ¬øLas de tus amigos narcos? https://t.co/1CZvwn3pGP
1496859085437734918,2022-02-24 10:46:30-04:00,RT @agustinromm: Alemania cerr√≥ sus plantas nucleares para reemplazarlas por energ√≠a renovable que no sirve para nada y ahora depende del g‚Ä¶
1496857300904017922,2022-02-24 10:39:25-04:00,RT @Amp_Bald63: Ahi les presento al ‚ÄúGral‚Äù Fuad Ramos otro LUNKU masista que traicion√≥ a sus camaradas!!!  Hasta este punto llegaron los mi‚Ä¶
1496854326483902471,2022-02-24 10:27:36-04:00,"RT @ZelenskyyUa: We are creating an anti-Putin coalition. I spoke with @vonderleyen, @EmmanuelMacron, @karlnehammer and @RTErdogan about co‚Ä¶"
1496852950240485379,2022-02-24 10:22:08-04:00,@ZelenskyyUa #Bolivia #StandWithUkraine
1496846843027755024,2022-02-24 09:57:52-04:00,RT @hermanntertsch: La debilidad pol√≠tica y moral de Occidente ha provocado la pulsi√≥n agresora del tirano. Ahora las sanciones ya no son s‚Ä¶
1496742365272293376,2022-02-24 03:02:42-04:00,"P√©simo manejo de conflicto. Obviamente. Ahora #China va por #TaiwanIsaCountry Ah, pero el presidente #Trump tuiteaba feo! Con √©l en la presidencia de #USA esto no estar√≠a pasando. #TrumpWasRight #worldwar3 #WWIII https://t.co/4R3PiyZK8c"
1496713338822168583,2022-02-24 01:07:22-04:00,No hay purgatorio para LOS criminales de guerra.  Directo al infierno MF!  #StandWithUkraine #Ukraine #Ukraina #StopTheWar https://t.co/HyI8AjxpP6
1496526096057061377,2022-02-23 12:43:20-04:00,RT @PulgAenLa0rejA: Y ustedes se les pasa por la mente lanzarle huevos a una se√±ora de 80 a√±os?  O son normales.
1496524397795966978,2022-02-23 12:36:35-04:00,"RT @MirthaQuevedo_: Es una l√°stima que esta senadora todas las declaraciones que realiza sean en beneficio del M√ÅS ,se nota que es funciona‚Ä¶"
1496524244955451392,2022-02-23 12:35:58-04:00,RT @JRMarquezM: #BOLIVIA Ser√° una premonici√≥n de los 2/3 del juicio de responsabilidades? https://t.co/6G1whTMExz
1496524087383842819,2022-02-23 12:35:21-04:00,"RT @_70mar_: Conozcan a los principales instigadores del COBARDE ATAQUE en contra de Amparo Carvajal, marido y mujer, ambos viven en una zo‚Ä¶"
1496523656914079745,2022-02-23 12:33:38-04:00,"RT @_70mar_: Ya disponemos de la lista de par√°sitos estatales que a nombre de ""el pueblo"" salieron a agredir a una se√±ora de la tercera eda‚Ä¶"
1496250456074510340,2022-02-22 18:28:02-04:00,RT @Liberta20122758: Son los bolivianos una sociedad masoquista? El gobierno Masista abusa y hace lo que les da la gana y nadie se atreve a‚Ä¶
1496248501231140871,2022-02-22 18:20:16-04:00,"@CarranzaPachu @MonicaAparicioA @TesoroPaz @TeamDoctor9 Gracias querida pachu, el cari√±o es mutuo üòò"
1496246171613941762,2022-02-22 18:11:00-04:00,Sin agallas no hay gloria.  Clarito. https://t.co/8a483dFMkE
1495866938932793344,2022-02-21 17:04:04-04:00,"Ah, o sea qu√© el MAS violenta s√≥lo mujeres? No diputade, no se trata de ser hombres o mujeres, se trata de derechos fundamentales y garant√≠as constitucionales de m√°s 75 presos pol√≠ticos. Dejen la patra√±a ideol√≥gica y el teatro. https://t.co/tpDYYinDIv"
1495856684899741698,2022-02-21 16:23:20-04:00,"La ley es la ley, dec√≠an los liberprogres... No? https://t.co/cgDpQ5ScTV"
1495846243666440199,2022-02-21 15:41:50-04:00,"RT @andrespucci: Normalmente el Banco Central publica estad√≠sticas de manera semanal, alguna vez hay retrasos, pero ya vamos 17 d√≠as sin te‚Ä¶"
1495795706170388495,2022-02-21 12:21:01-04:00,#NadieSeCansa #NadieSeRinde #NadieOlvida  Leales SIEMPRE!  #HastaSerLibres https://t.co/J1vUrBY3T4
1495759109852966918,2022-02-21 09:55:36-04:00,RT @clavijo_israel: #21F La gran Lucha por la Libertad #Cabildo en Washington DC  #BoliviadijoNo #BoliviaUSADijoNo https://t.co/1KUVi2ZXnK
1495744872506085384,2022-02-21 08:59:01-04:00,"RT @Julio_Orellana7: #Boliviaüáßüá¥, hoy se recuerda el inicio de la lucha ciudadana en desconocimiento al voto y la manipulaci√≥n del Art.168 C‚Ä¶"
1495744796757008388,2022-02-21 08:58:43-04:00,"RT @Alejand07215192: Buen d√≠a twitteros de la resistencia ,es un gran inicio de semana para todos los Bolivianos que recordamos ,defendimos‚Ä¶"
1495738870314729474,2022-02-21 08:35:10-04:00,#NuevaFotoDePerfil aqu√≠ comenz√≥ todo #BoliviaDijoNo al narcopedofilo! Dijo NO AL MAS! No es No! DE AHI EN ADELANTE FRAUDES Y PATRA√ëAS! https://t.co/BfBsDPazNF
1495738352427212801,2022-02-21 08:33:07-04:00,@HoydiaB Que buena idea Ricardo! Te sigo! Buen d√≠a
1495497123009380354,2022-02-20 16:34:33-04:00,"@ElianaQAR Elianita feliz cumplea√±os! Las cosas m√°s bonitas, que Dios te bendiga. Un abrazo grande!  Te tenemos que cantar!"
1495257766843142150,2022-02-20 00:43:26-04:00,@Psicoadictiva Same... Solo que con sodita y picccccza jajajaja
1495253916749115394,2022-02-20 00:28:08-04:00,Blue moon üíô https://t.co/3SCkDa6x4H
1495247481755602947,2022-02-20 00:02:34-04:00,RT @qispinqa: Este domingo estaremos con Roxana Duchen y con @VanessaCamLuj hablando sobre Mar√≠a Galindo y su libro Feminismo Bastardo. htt‚Ä¶
1495142194604576768,2022-02-19 17:04:12-04:00,RT @Sebastian_Menac: Los menonitas tambi√©n son Bolivianos.  #Bolivia
1495142052996136962,2022-02-19 17:03:38-04:00,RT @IdaniaChirinos: Mientras se deteriora la salud de la ex presidente @JeanineAnez sacan a empujones y arrastrada del penal a su hija @car‚Ä¶
1495129892312207360,2022-02-19 16:15:19-04:00,@misslizbeth2 Qu√© lindo miss g! Arriba el capitalismo y los emprendimientos!
1495093665865232385,2022-02-19 13:51:22-04:00,RT @ciudadano_bol: La tara del resentimiento andino no admite que en #Bolivia haya gente trabajadora y respetuosa de las leyes (a diferenci‚Ä¶
1495080522539626496,2022-02-19 12:59:08-04:00,@FiresoulNath Gracias ‚ù§Ô∏è
1495080449747533824,2022-02-19 12:58:51-04:00,"RT @FiresoulNath: #sosBolivia estamos siendo olvidados, atacados secuestrados torturados y No existe una derecha que nos difienda dice @Esa‚Ä¶"
1495080390830149637,2022-02-19 12:58:37-04:00,@EmilioMartinezC PresidentA ü§¶üèæ‚Äç‚ôÄÔ∏è
1495060887618699271,2022-02-19 11:41:07-04:00,"RT @VallejosArana: Verg√ºenza ajena SC, festejando en medio de los abusos, terrible..."
1495025396676452353,2022-02-19 09:20:05-04:00,"RT @Carolin40038812: #Bolivia Eduardo Lohnhoff, interact√∫a con la Polic√≠a p evitar @JeanineAnez salga de la c√°rcel para ir al hospital, fue‚Ä¶"
1494817632964395008,2022-02-18 19:34:30-04:00,"RT @Julio_Orellana7: #Boliviaüáßüá¥ el atropello a los Derechos Humanos y los Derechos fundamentales es lo que vive .@JeanineAnez, al prohibirl‚Ä¶"
1494798991061438465,2022-02-18 18:20:26-04:00,RT @ValentinJose63: Discurso de Gonzalo Sanchez de Lozada durante el Golpe de Estado 2003 #BoliviaEnDictadura desde hace mas de 18 a√±os  @m‚Ä¶
1494789708022353922,2022-02-18 17:43:32-04:00,Despierta #Bolivia!!!!!! https://t.co/MSjWGzNA9m
1494787228576493573,2022-02-18 17:33:41-04:00,RT @TeamDoctor9: Ay√∫dennos denunciando por favor! No es posible que se le niegue atenci√≥n m√©dica a ninguna persona. @TAMARA_SUJU @soyfdelri‚Ä¶
1494786477313728513,2022-02-18 17:30:42-04:00,RT @MariaBabiloniaB: Dios m√≠o...¬øC√≥mo podemos ser espectadores de esta barbaridad? ¬øC√≥mo podemos conformar con convivir con la basura y la‚Ä¶
1494772777823334401,2022-02-18 16:36:16-04:00,"@RCalasich Todos, eso se entregaron... y la gente se rindi√≥. Qu√© desesperante."
1494772375677665283,2022-02-18 16:34:40-04:00,RT @YoungWick3: Ya es tiempo de parar sus abusosüò†üò§üò° DESPIERTA #Boliviaüí™ #BoliviaEnDictadura  #BoliviaDenuncia
1494747165410807810,2022-02-18 14:54:29-04:00,"No nos dejan ni protestar! #SOSBolivia #Bolivia es una narcodictadura!  Secuestran j√≥venes, persiguen, encarcelan y asesinan.  @hermanntertsch @charanzova @TAMARA_SUJU @tedcruz @SenatorRisch @RonPaul @RandPaul https://t.co/LXa3bTKWRG https://t.co/HJw7h470zG"
1494745651329966080,2022-02-18 14:48:28-04:00,Secuestrados por la dictadura de #Bolivia #BoliviaEnDictadura
1494745649245351937,2022-02-18 14:48:28-04:00,D√≥nde est√°n Eduardo Arteaga y Gary Gonzales? D√≥nde est√°n Eduardo Arteaga y Gary Gonzales? D√≥nde est√°n Eduardo Arteaga y Gary Gonzales? D√≥nde est√°n Eduardo Arteaga y Gary Gonzales? D√≥nde est√°n Eduardo Arteaga y Gary Gonzales? D√≥nde est√°n Eduardo Arteaga y Gary Gonz? #SosBolivia
1494737864197914634,2022-02-18 14:17:32-04:00,"Audiencia cautelar de una #MUJER #VIOLENTADA, menor de edad.  Y ni una sola feminista en el palacio de injusticia en #SantaCruz, no dijeron ni p√≠o, menos todav√≠a  @mujerescreando1.   #FeminismoMentiroso #FeminismoEsCancer https://t.co/56LMNZgWeI"
1494715476122898433,2022-02-18 12:48:34-04:00,"@Libertario43 Hac√≠an churrasquitos, jueves de frates entre ellos y as√≠... Si no llegaban los espa√±oles ya habr√≠an colonizado la luna en unidad, eso s√≠, pac√≠ficamente porque eran civilizados."
1494709348437618689,2022-02-18 12:24:13-04:00,"La dictadura de #Bolivia se los lleva, uno a uno... #UJC y #RJC.  Van a ir por los dem√°s!  Toda la casta pol√≠tica LO SABE! Y NO HAR√ÅN NADA! Traidores! Traidores y vendidos.  #NiOlvidoNiPerdon https://t.co/1Z5uix2NHp"
1494705255799345152,2022-02-18 12:07:57-04:00,"@pmalbak Claro, con gusto. Para asesor√≠a pol√≠tica puede escribir a mi correo rduchen@libertadyfederalismo.org"
1494675167011762177,2022-02-18 10:08:24-04:00,RT @Julio_Orellana7: Configura un recordatorio para mi pr√≥ximo Espacio. https://t.co/BEF4sLPn8j
1494675126742228993,2022-02-18 10:08:14-04:00,"Ideol√≥gicamente perdido el hombre, en #Bolivia NO EXISTE derecha pol√≠tica partidaria, menos en ejercicio. NO EXISTE.  Qu√© la oposici√≥n es acomplejada y no sirve, de acuerdo. https://t.co/S3HXoYCSXm"
1494558423202942982,2022-02-18 02:24:30-04:00,Si queres conocer realmente a alguien f√≠jate c√≥mo te trata cuando ya no te necesita.
1494538075959017473,2022-02-18 01:03:39-04:00,@GobMunSC JAJAJAJA tienen cara de hablar de impuestos?  TROPA DE MALEANTES!
1494516917196914689,2022-02-17 23:39:34-04:00,RT @noelia_n: Ella. #YoConAyuso https://t.co/puN586uxZX
1494498768162537473,2022-02-17 22:27:27-04:00,"RT @JuanPuebloLibre: Si Romulo Calvo est√° con detenci√≥n por ejercicio indebido profesi√≥n, porqu√© Garcia Linera no tiene  proceso? ni siquie‚Ä¶"
1494493076147953665,2022-02-17 22:04:50-04:00,@Psicoadictiva Feliz d√≠a compadres!
1494465287730524165,2022-02-17 20:14:25-04:00,"RT @TAMARA_SUJU: #Bolivia: A√±ez se descompensa en audiencia, tras nueve d√≠as de huelga de hambre  Comenz√≥ a temblar y tuvo que ser asistida‚Ä¶"
1494428285513748484,2022-02-17 17:47:23-04:00,Denuncio ante la comunidad internacional los abusos de la dictadura en #Bolivia anoche secuestraron a una menor y la abusaron por  participar de una protesta PAC√çFICA. #SosBolivia  @hermanntertsch @tedcruz @RandPaul @SenatorRisch @charanzova @TAMARA_SUJU https://t.co/VCcUTY4Z0V
1494337556841779211,2022-02-17 11:46:51-04:00,RT @clavijo_israel: Es la triste realidad!! Que tengan un lindo dia !! https://t.co/6P5eOVG4QU
1494329361054400518,2022-02-17 11:14:17-04:00,"@RoqueraFlorcit3 @libertario_chr Florcita tiene raz√≥n, y si, en las concentraciones somos 4 gatos, pero los ciudadanos no tenemos poder pol√≠tico.  Creo que √©l s√≠ puede, si convoca (como dijo que lo har√≠a en caso de un preso pol√≠tico m√°s) √©ste pueblo sale c√≥mo sali√≥ en noviembre 2021 y oct 2019."
1494309892504502277,2022-02-17 09:56:55-04:00,"RT @libertario_chr: O√≠, te acord√°s cuando camach√≠n dec√≠a ‚Äúni un solo preso pol√≠tico m√°s‚Äù? Ser√° que le avisan que con R√≥mulo Calvo ya van 75‚Ä¶"
1494308862509273089,2022-02-17 09:52:50-04:00,"@libertario_chr @LuisFerCamachoV Es que nunca jam√°s fue libertario querido Charlie, no s√© de d√≥nde mucha gente se hizo esa idea... Ser√≠a, c√≥mo m√°ximo seg√∫n mi libertometro ü§£ conserva - socialdem√≥crata o centro."
1494184014319554563,2022-02-17 01:36:44-04:00,@Psicoadictiva Regreso y te ven√≠s a la piscina. O mejor no regreso y te llevo?üòú
1494152366916091906,2022-02-16 23:30:58-04:00,Nada arregla d√≠a como ag√ºita de blueberry y frutillita. üòã https://t.co/PAj4D6aXsV
1494145844060114948,2022-02-16 23:05:03-04:00,RT @IllanesCharito: @EsaLibertaria https://t.co/ke3Wl9YY9y
1494132736616849409,2022-02-16 22:12:58-04:00,"RT @CalvoRomuloSC: Me siento inmensamente bendecido y agradecido por el cari√±o y apoyo de mi pueblo, en un d√≠a donde la Justicia nuevamente‚Ä¶"
1494102790506909698,2022-02-16 20:13:59-04:00,RT @Psicoadictiva: #SeSuVoz #YoNoMeCalloM√°s #LoNi√±osNoSeTocan ‚ù§
1494085765474631683,2022-02-16 19:06:19-04:00,#RadioLibertad  https://t.co/REAVpWITUK
1494081360813690882,2022-02-16 18:48:49-04:00,RT @elenmanuel: Ma√±ana en #RadioLibertad hablaremos en exclusiva con @jorgevaldaza el abogado de la ex presidenta @JeanineAnez y su hija @c‚Ä¶
1494011895069614081,2022-02-16 14:12:47-04:00,RT @ansafje: üá≥üá¨ | #SantaCruz  Juez Primo Flores ordenar√≠a en algunos minutos la detenci√≥n arbitraria y abusiva del Presidente del @ComitePr‚Ä¶
1493983153412665346,2022-02-16 12:18:35-04:00,Cruce√±os vengan al palacio de justicia. Urgente! https://t.co/5kFOq56PaO
1493711459766915082,2022-02-15 18:18:58-04:00,RT @Cesar4Jhoan: Este 21F de 2022 hagamonos sentir enntodos los Dptos. Ya bajo la pandemia ya autorizaron carnavales  YA NO PUEDEN RESTRING‚Ä¶
1493618739576770562,2022-02-15 12:10:32-04:00,"RT @liberalote12: El progresismo o el ""centro"", siempre termina siendo totalitarios a la larga o a la corta, directamente o con apoyos a la‚Ä¶"
1493618392586244100,2022-02-15 12:09:09-04:00,"RT @aguerosergiokun: Contesto ac√° pa . El patrimonio est√° en much√≠simos pa√≠ses y No solo en Argentina . Ahora te pregunto , si toda tu vida‚Ä¶"
1493596501335027715,2022-02-15 10:42:10-04:00,RT @mximega: https://t.co/lMlLmCC3CN
1493568926189596674,2022-02-15 08:52:35-04:00,"Hoy es d√≠a internacional de lucha contra el #CancerInfantil. Todo mi amor para los valientes ‚ù§Ô∏è y sus familias, es drama aparte ser paciente oncol√≥gico en #Bolivia, por favor amigos siempre que puedan apoyen #AFANIC son puro coraz√≥n #fuckCancer #cancersurvivor #StrongerTogether https://t.co/OjFIBcrzEi"
1493545992544788480,2022-02-15 07:21:28-04:00,"RT @CasalMauri: El juez P√∫blico Mixto Civil y Comercial de Guarayos, Roberto Cruz Hurtado Roca, decidi√≥ que como Paulino Camacho Vedia solo‚Ä¶"
1493280394040397824,2022-02-14 13:46:04-04:00,"RT @Cesar4Jhoan: El Tilin en su mente: ""por favor papitos les tengo miedo a los Policias ahi esta sus doradas me van a cuidar ya?""; ""despue‚Ä¶"
1493239961860067338,2022-02-14 11:05:24-04:00,"RT @BrockmannRobert: ""El que no sabe la verdad es s√≥lo un tonto. Pero cualquiera que la conoce y la llama mentira es un criminal"". Bertolt‚Ä¶"
1493239810751934474,2022-02-14 11:04:48-04:00,197 de LIBERTAD.  #SiempreLibresCruce√±osSeamos #Iyambae
1493215202480955400,2022-02-14 09:27:01-04:00,"RT @ElianaQAR: ‚úçüèª "" Los ganadores no son personas que nunca fallaron, sino personas que nunca renunciaron. ""   ‚ÄìEdwin Louis Cole"
1493215158595948554,2022-02-14 09:26:51-04:00,"RT @Psicoadictiva: Holas, recordatorio de que eres una persona maravillosa, lo est√°s haciendo incre√≠ble, tienes mucho amor para repartir y‚Ä¶"
1493208039259881476,2022-02-14 08:58:33-04:00,"RT @Julio_Orellana7: #Boliviaüáßüá¥, esperemos que su evaluaci√≥n en el tema judicial sea imparcial, ya que hay muchos atropellos al debido proc‚Ä¶"
1493207585528418306,2022-02-14 08:56:45-04:00,"@mexicambita Nivel de detalle, si es cilantro est√° mejor todav√≠a... Esos amores ya no se encuentran üòî"
1493205109580386308,2022-02-14 08:46:55-04:00,"@PatriciaRevoll7 @MaLugrace2021 @rae3a_ @monicgu @ElianaQAR @Psicoadictiva Gracias Paty, ta potente.  Voy a sacar a relucir mi edad: La inteligencia, la elegancia y la clase.   @MarceMeave39  @DukeParada  @TeamDoctor9  @Julio_Orellana7"
1493203707470794755,2022-02-14 08:41:20-04:00,"@MarceMeave39 @mexicambita @PatriciaRevoll7 @TeamDoctor9 @rae3a_ @NazzirHirmas @Romy85892717 @marieeeeee75 @Pura_Miel @Esther32837485 @CelaLuzy @ValentinJose63 @Dra_Barbie @MaLugrace2021 @Alejand07215192 @CollitA89 Buen d√≠a guapos y guapas, gracias Marcelita, feliz d√≠a de Samba lentin o feliz ctavos de la Champions üòÇ"
1492686667383255040,2022-02-12 22:26:48-04:00,@RoqueraFlorcit3 Gracias Florcita! üí™üèª
1492682970393686019,2022-02-12 22:12:07-04:00,"Wiiii 164 seguidores en horitas, no s√© c√≥mo lo lograron, si la cuenta estaba bloqueada! ¬°SON TOP! ¬°Gracias, gracias!.  Voy devolviendo follows de a poco para qu√© no la bloqueen de nuevo. Recuperamos √©sta y vamos por la otra, un abrazo gente de bien!"
1492681258555609088,2022-02-12 22:05:19-04:00,"RT @TeamDoctor9: Sigan a mi amiga, la original y √∫nica libertaria boliviana ü§ó"
1491219178191486977,2022-02-08 21:15:32-04:00,@ElChaui Gracias Quirqui√±a!! Con todo al MAS y su met√°stasis.
1491211694139654144,2022-02-08 20:45:47-04:00,@MarceMeave39 @TeamDoctor9 Gracias Marce!
1491203250737287170,2022-02-08 20:12:14-04:00,@YoungWick3 Eso Young! üí™üèªü§ó
1491199670320009217,2022-02-08 19:58:01-04:00,@TeamDoctor9 Gracias nenita üòò‚ù§Ô∏è
1491199478803894273,2022-02-08 19:57:15-04:00,@monicgu Gracias Moni! ‚ù§Ô∏è
1491196988226170880,2022-02-08 19:47:21-04:00,RT @monicgu: Amigos twitteros pueden darle follow a Roxanita por favor. Le bajaron su cuenta y esta es la nueva.  üëáüèº @EsaLibertaria
1491196966885539841,2022-02-08 19:47:16-04:00,RT @elenmanuel: Le bajaron la cuenta a roxanita üòÆpueden seguirla en su cuenta nueva
1491195200756400128,2022-02-08 19:40:15-04:00,@elenmanuel Gracias Deivy! üòÅ
1491194667916206081,2022-02-08 19:38:08-04:00,@elenmanuel Holiiiii! De nuevo Deivy! üôÉ
1491191317426102274,2022-02-08 19:24:49-04:00,"Para alegr√≠a de mis amigos y para tragedia de los que no me quieren. Volv√≠, como la Hidra de Lerna, me cierran una cuenta y abrir√© 7! Solo qu√© no naci√≥ Heracles, no es el MAS üòÇ Gracias por el apoyo amigos queridos, lo aprecio mucho ‚ù§Ô∏è  #HastaSerLibres https://t.co/u4czzn7OCx"
